kp,mean,var,std
kon,0.9187490134749107,0.002489783115876968,0.0498977265602048
koff,0.6020306018990634,0.05418936039141261,0.232786082898898
ksyn,0.33880036428617916,0.04852106506893099,0.22027497603888416
burst_size,0.29334913503138227,0.040123667854974475,0.20030893104146524
burst_frequency,0.9194337695542886,0.0025943484408961115,0.050934746891450354
