kp,mean,var,std
kon,0.19877017975389558,0.023249343288861118,0.1524773533639049
koff,0.28815130816727413,0.03664903274480264,0.19143937093712632
ksyn,0.2313428274694847,0.02846324835895283,0.1687105460810107
burst_size,0.39996341672971275,0.05161877967355081,0.22719766652311993
burst_frequency,0.20022056034908917,0.023405063273265705,0.15298713433902114
